{"cameraMode":{"drawMode":0,"name":"Shaded","section":"Shading Mode"},"sceneLighting":false,"audioPlay":false,"sceneViewState":{"showFog":true,"showMaterialUpdate":false,"showSkybox":true,"showFlares":true,"showImageEffects":true,"showParticleSystems":true},"in2DMode":false,"pivot":{"x":-0.2568945288658142,"y":-0.4399789571762085,"z":9.92383098602295},"rotation":{"x":0.029994582757353784,"y":-0.007792484015226364,"z":0.00023383197549264878,"w":0.9995197057723999},"size":3.9122838973999025,"orthographic":false}